date,weight_kg,note
2026-09-05,91.5,Starting weight - stated by user
2026-09-07,90.75,Morning weigh-in
2026-09-09,90.3,Morning weigh-in
2026-09-11,90.05,Morning weigh-in
2026-09-16,90.15,Morning weigh-in - user noted different clothing from previous weigh-ins
2026-09-17,90.05,Morning weigh-in
2026-09-18,89.55,Morning weigh-in - first reading under 90 kg
2026-09-19,89.45,Morning weigh-in
2026-09-22,89.50,Morning weigh-in
2026-09-23,89.60,Morning weigh-in
2026-09-24,89.15,Morning weigh-in - largest single-day drop in the log
2026-09-25,88.75,Morning weigh-in - second consecutive drop; second sub-89.3 reading
2026-10-02,88.05,Morning weigh-in - first after a seven-day gap
2026-10-03,88.35,Morning weigh-in
2026-10-06,88.45,Morning weigh-in - during the loose-motion episode; water status unreliable
2026-10-07,88.2,Morning weigh-in - follows a 1,220 kcal day
2026-10-08,88.2,Morning weigh-in - unchanged after a 2,725 kcal day
2026-10-09,88.0,Morning weigh-in - first reading at or below 88
2026-10-10,87.2,"Morning weigh-in - largest single-day drop in the log (0.80 kg); follows the project's best-executed day at 1,985 kcal"
